run_idx,seed,best_epoch,best_valid_loss,valid_mae,valid_medae,valid_mape,valid_mse,valid_rmse,valid_r2,test_mae,test_medae,test_mape,test_mse,test_rmse,test_r2,result_dir
0,42,50,52.79798804389106,53.29571533203125,31.882347106933594,0.1719467043876648,9424.2001953125,97.07831990363502,0.7844528555870056,61.7765998840332,52.251708984375,0.16159607470035553,7740.8505859375,87.9821037821755,0.8749613165855408,Train/Results/DeepGCNRT/MiniDatasets/Eawag_XBridgeC18_364/20260415_072338_298_a0faf763
