run_idx,seed,best_epoch,best_valid_loss,valid_mae,valid_medae,valid_mape,valid_mse,valid_rmse,valid_r2,test_mae,test_medae,test_mape,test_mse,test_rmse,test_r2,result_dir
0,42,121,97.76923723918635,98.26895141601562,45.427734375,0.13899284601211548,24058.14453125,155.1068809925917,0.9773082733154297,189.66848754882812,72.04658508300781,0.2678828239440918,288588.65625,537.2044827158463,0.7454543113708496,Train/Results/DeepGCNRT/MiniDatasets/FEM_long_412/20260422_112702_704_c4d50919
1,43,67,110.71565655964177,111.21564483642578,43.0418701171875,0.284053772687912,32327.78125,179.79928044906075,0.973817765712738,182.43226623535156,92.09876251220703,0.23484551906585693,274287.65625,523.7247905627535,0.6592018604278564,Train/Results/DeepGCNRT/MiniDatasets/FEM_long_412/20260422_112927_592_365566ec
2,44,104,71.014108797399,71.50418853759766,33.916259765625,0.17808236181735992,13915.1162109375,117.96235081981666,0.9868244528770447,196.62625122070312,56.40728759765625,0.9764389991760254,275915.0625,525.2761773581589,0.6897650957107544,Train/Results/DeepGCNRT/MiniDatasets/FEM_long_412/20260422_113251_777_da087520
3,45,22,80.76373588748095,81.26373291015625,57.8721923828125,0.11338760703802109,11818.6240234375,108.713495130262,0.9895647764205933,106.88716125488281,58.71214294433594,0.2530187964439392,30339.607421875,174.18268404716642,0.965415894985199,Train/Results/DeepGCNRT/MiniDatasets/FEM_long_412/20260422_113416_881_c7eb1bf5
4,46,102,89.45315849490282,89.94395446777344,34.893310546875,0.10253385454416275,40801.23828125,201.99316394682768,0.9686964154243469,119.436767578125,63.662109375,0.1153605654835701,38493.62890625,196.19793298159388,0.9455630779266357,Train/Results/DeepGCNRT/MiniDatasets/FEM_long_412/20260422_113738_369_61be5163
