run_idx,seed,best_epoch,best_valid_loss,valid_mae,valid_medae,valid_mape,valid_mse,valid_rmse,valid_r2,test_mae,test_medae,test_mape,test_mse,test_rmse,test_r2,result_dir
0,42,27,12.800972888344212,13.275035858154297,12.513473510742188,0.1887306272983551,278.766845703125,16.696312338451417,0.9526724219322205,16.141700744628906,11.720895767211914,0.2831569314002991,481.5326232910156,21.943851605655183,0.4935377240180969,Train/Results/DeepGCNRT/MiniDatasets/LIFE_old_194/20260415_073230_298_febcb088
