run_idx,seed,best_epoch,best_valid_loss,valid_mae,valid_medae,valid_mape,valid_mse,valid_rmse,valid_r2,test_mae,test_medae,test_mape,test_mse,test_rmse,test_r2,result_dir
0,42,20,15.428441047668457,15.928457260131836,4.1641845703125,0.04791473224759102,642.6760864257812,25.35105690944228,0.9911194443702698,88.67388916015625,34.103668212890625,0.5429083704948425,21959.9609375,148.1889366231501,0.7842811942100525,Train/Results/DeepGCNRT/MiniDatasets/FEM_lipids_72/20260422_112115_811_5ad6b547
1,43,52,28.85977554321289,29.359760284423828,18.520065307617188,0.05569782480597496,1476.698486328125,38.427834785844034,0.9894759058952332,156.79136657714844,47.394927978515625,0.2526993453502655,54288.84375,232.99966469932954,0.5173166990280151,Train/Results/DeepGCNRT/MiniDatasets/FEM_lipids_72/20260422_112142_609_5c9c6e5b
2,44,20,234.98565673828125,235.48562622070312,126.70770263671875,1.059435486793518,103730.4375,322.0720998472236,-0.54179847240448,47.23091125488281,31.267223358154297,0.1994030773639679,3951.41748046875,62.860301307492556,0.9366037845611572,Train/Results/DeepGCNRT/MiniDatasets/FEM_lipids_72/20260422_112156_243_7e6b41a4
3,45,17,38.64959716796875,39.14685821533203,40.7852783203125,0.08405738323926926,2101.15673828125,45.83837626139532,0.9762213230133057,183.030029296875,154.42752075195312,0.7116047143936157,56847.59765625,238.4273425097256,0.7324175834655762,Train/Results/DeepGCNRT/MiniDatasets/FEM_lipids_72/20260422_112212_358_744d0123
4,46,57,131.80560302734375,132.30563354492188,51.9647216796875,0.892521858215332,42726.0859375,206.70289291033157,0.8138564825057983,30.23001480102539,27.420440673828125,0.05511007085442543,1236.45166015625,35.16321458792199,0.983772337436676,Train/Results/DeepGCNRT/MiniDatasets/FEM_lipids_72/20260422_112238_903_12bec3b2
