run_idx,seed,best_epoch,best_valid_loss,valid_mae,valid_medae,valid_mape,valid_mse,valid_rmse,valid_r2,test_mae,test_medae,test_mape,test_mse,test_rmse,test_r2,result_dir
0,42,49,17.630327224731445,18.08077621459961,3.1235923767089844,0.142043799161911,1594.70361328125,39.93374028664545,0.9453779458999634,16.284866333007812,14.58563232421875,0.11957642436027527,467.13482666015625,21.613302076734048,0.9905544519424438,Train/Results/DeepGCNRT/MiniDatasets/IPB_Halle_82/20260422_115845_904_4cd8ea7c
1,43,77,10.818126678466797,11.213111877441406,1.8996734619140625,0.18012714385986328,433.76123046875,20.82693521545477,0.981505274772644,22.37399673461914,15.959930419921875,0.3100331127643585,861.8001708984375,29.356433211451925,0.8489793539047241,Train/Results/DeepGCNRT/MiniDatasets/IPB_Halle_82/20260422_115921_927_eeee8b6c
2,44,34,24.078327178955078,24.578332901000977,12.968765258789062,0.14435409009456635,1272.154541015625,35.667275491907496,0.9575669169425964,70.23422241210938,56.339630126953125,0.5242099761962891,7897.4306640625,88.86748935388296,0.8433781862258911,Train/Results/DeepGCNRT/MiniDatasets/IPB_Halle_82/20260422_115945_642_55c152d4
3,45,51,15.809979438781738,16.280166625976562,9.750988006591797,0.10513753443956375,579.3601684570312,24.069901712658307,0.9861791133880615,36.46974563598633,25.48773193359375,0.29105472564697266,2083.531005859375,45.64571180143185,0.9343477487564087,Train/Results/DeepGCNRT/MiniDatasets/IPB_Halle_82/20260422_120014_892_c20c7111
4,46,51,11.837383270263672,12.314170837402344,3.91339111328125,0.07543601095676422,711.3787231445312,26.671683920302655,0.7417118549346924,32.945674896240234,30.201080322265625,0.49749183654785156,1497.2799072265625,38.69470128100956,0.9366939663887024,Train/Results/DeepGCNRT/MiniDatasets/IPB_Halle_82/20260422_120039_076_c5161511
